temperature_K,method,inhibition_efficiency_percent,linear_cv_prediction,ridge_cv_prediction
308.0,Polarization,91.0,88.49999999999999,88.40550232482985
308.0,EIS,88.5,90.99999999999996,90.8530110596138
318.0,Polarization,85.0,77.8984375,78.55173345243026
318.0,EIS,77.9,85.0,84.86289818888159
328.0,Polarization,81.0,78.0,77.91276394694829
328.0,EIS,78.0,81.03125,80.79241728811738
