model,evaluation,MAE,RMSE,R2
Linear Regression,training,2.099999999999999,2.3392853309023662,0.7830383139454847
Linear Regression,leave_one_out_cv,4.205468749999994,4.6820698147989,0.1308546266261712
Ridge Regression,training,2.099999999999999,2.3411490702427455,0.7826924637802367
Ridge Regression,leave_one_out_cv,4.039721135400728,4.465773405368973,0.20930313227794195
